[
  {
    "id": 1,
    "name": "Comidas",
    "image": "https://i.blogs.es/87930e/comidas-ricas/1366_2000.jpg"
  },
  {
    "id": 2,
    "name": "Redes Sociales",
    "image": "https://img.freepik.com/foto-gratis/tienda-ropa-tienda-ropa-perchas-tienda-boutique-moderna_1150-8886.jpg"
  },
  {
    "id": 3,
    "name": "Flyers",
    "image": "https://encrypted-tbn0.gstatic.com/images?q=tbn:ANd9GcQH1OCrKfun45ejYY0FJkm6rzPKJ7yw-CgQwg&s"
  },
  {
    "id": 4,
    "name": "Libros",
    "image": "https://encrypted-tbn0.gstatic.com/images?q=tbn:ANd9GcTEOrsaPM_H0LuCe-MCQ9uxvxqlaOMiE3Rssg&s"
  },
  {
    "id": 5,
    "name": "Tarjeta de presentacion",
    "image": "https://axiomprint.com/_next/image?url=https%3A%2F%2Fnewapi.axiomprint.com%2Fuploads%2F1672866924803.jpg&w=3840&q=100"
  }
]
