[
  {
    "id": 1,
    "title": "Presentacion negocios",
    "image": "https://slidemodel.com/wp-content/uploads/business-presentation-examples.png"
  },
  {
    "id": 2,
    "title": "Medio Social",
    "image": "https://encrypted-tbn0.gstatic.com/images?q=tbn:ANd9GcR0YCgJte5rzivcr1S4WBd2WgtTFO-_UnJhjg&s"
  },
  {
    "id": 3,
    "title": "evento de musica",
    "image": "https://market-resized.envatousercontent.com/previews/files/505087410/Preview_5x5_mini.jpg?w=590&h=590&cf_fit=crop&crop=top&format=auto&q=85&s=2013c90924940ee8d15b37db267353755f594a0a1974bc557814a186f292a887"
  }
]
